authority-finality/models/MC_AuthorityFinality.log	9c680d7644b4f8030dd31dbc8d2b51dad8c54811b4540f6001704863132aacc9	d9fcc400575ca0c5edd5748516a061aadaa4738517b3bb9137e6aa78a1a96a1d
authority-finality/models/MC_AuthorityFinality_finality_unsafe.log	21964f34dba5829ef6dad499e5fc15e2970251e49f16d84e15fcb49a4be20a1e	f116bcd5b49de5ca6684bac32a3ed03afab6fac6412ad1155831f73c1e33ddf7
authority-finality/models/MC_AuthorityFinality_head_unsafe.log	08587f9cafeb0d5ededde984473cc044b530a12b16da205d210a30e91268fdbe	06852a97fbb49055e3753ea87ebe04b5ca5656acbcfccfe2e7606b46aa4b6779
authority-finality/models/MC_AuthorityFinality_pair_unsafe.log	f0fc33f5216851903378435c258ebf837d57c51e79594f53de9ac23f3f67ad76	8876d443737f079266878837a3933e063ec04fd8ac9e233fbd56bb94be435026
publication/models/MC_Publication.log	043bc14cf40c315f3575a478089cb38bb6e64d46a8e9180b316aa610728e07e0	f012f3b1be465ecd058806cd11b77654b8246d47d494aa3d2e7d23846d19bbda
publication/models/MC_Publication_fault_unsafe.log	71bc675c5a7ce766501a3d557c289f7f28e3d059941fd643e6590ad2367fe4b8	063775d88e9dcf475a9b22c63795aeabce1a63e9c00bc793eb8e778f8c69d682
publication/models/MC_Publication_restart_unsafe.log	8ee524de16edec5c06d73862c70406837866714272a7b4228011447089b395c9	fb5f737a51a115d1c9723c31de78f669fc1d9400e697eb25fb4fad032b0d60a3
publication/models/MC_Publication_tuple_unsafe.log	e57895b3c5a1213f816573bbc5c4f2c10d877fe6c61b05618fe267c78739a981	f8e0d2c50a7388247398d93655ad7c8e2319306308610b88292bc77be679f6aa
recovery/models/MC_Recovery.log	8c8b4d54f117ba11a75f47439558dedb68e72ecc7441b3996e0842a235b974a9	eb2d7c9f271c9217d1fd3405e4b402c1f61a9db12b44429bab85bbd6158615ff
recovery/models/MC_Recovery_lane_unsafe.log	2d4bb411f6c80b41a4fa5a6e4d173e99aaeb55a05d00db078230214344f5cd9d	137dafb58ee693b264ae5d3d1414208828aa21e6718a585346d3fc8f5e3ad79c
recovery/models/MC_Recovery_occurrence_unsafe.log	700461781a320d0d09ea4e513b806348a3cff986685ed744fbd6528dcbcd7a87	b712434499070c630507ec5d53d902080b599ee1f8cc3a1d90e2bd6d7317aeb4
recovery/models/MC_Recovery_pause_unsafe.log	86798bc3d921b07a91d35ba5b56d272d734a368b18c3d5bcb068a2b4cbab537e	c31e07df885f0f34b9efb4ceac7c4ed4ffa81b9e4940d10dede8e2dea8432120
