active-stop-green/build.jsonl	40d148edaed2d7a7da73ae1ffc55f87fc4d120c9e06dbcf5a044a29193b88590	6b3106a0d9e447d3e983f3baa04925955667bc16bba7a0ac6111dd2c48f2d730
active-stop-red/build.jsonl	ebc97f3c150668f572dab13413ec9f6d93add63223ff57fb473f6b6cd1d0ea10	5f3956ea29279c47fa8f3a7a25ee058b8d91356d945a7babeb2660edd3388dd7
active-stop-red/build.txt	6ed5ec86af77f0c3ba1a38c41317f32e1244ec16f1bb578f1d137122c4a8ec31	56dedec7b991f61a58f3da97166cc49c0f68d4ee0bff26c22db8e1193c58a37a
disk-current.txt	edafad684e540d192dd316455da4ea94195b4bd01ec38bcfc2f720ba57a085a6	7750ca6d75c87c33f15e8a4af333576c5699485e630d928072acf2398942186c
disk-release.txt	78d1b851679764a0a54acbccaa0fa6be82469b412d9cd0795e83922d19a90648	8ccb9505d941b1020627b1ac29424d974df52af4e423932f729db45647ec4bd6
full-01/build.jsonl	be9deca1c7e72d0cdfcb8ceba2d9a1675809fc25db93612b34207d0892f0ab75	aabbe3d974bd912942d5087241c8ecc7271422111e262911cd64bc4ad0cfd9b4
full-01/build.txt	08b33a3ff51aefe14dd0d1c0e6e9111d511818c1ba6526d64cefbdd82388f7aa	1b3af2856e02d6fe72572281332d907d01fb0c41dabbc24d1f3575943a8ba68a
full-02/build.jsonl	ce01caa5e7388aa254aec724766879d9d5d09958d0348af8e94080598c9f4fa9	7973562b38f767f0ca8eadf22ae133dc36f19d040b67e9b6fa590e5270274df9
full-02/build.txt	f3bb72b5b87250026367d98d7d3d2016533f0fc5b097b28252ee519752c1780a	28dd900e091279918ca148ec62c3378681514db61c012d3dd486d11ced918f21
full-03/build.jsonl	f87e9bebcececb076fdf99b40677df712a7206264c79348ce08b138bd5869377	26ff8aa41d65064fa532808a4ea5760a83f93966a91b27cf525e7ff8b84e0315
full-03/build.txt	d78aff5e67e1477fe58511cdebb904e3e2f0784d2a2ee166f188c38fea62e090	dcb85c534b1ac547a5fe3d6174952ec3be2ca33c93ec9610a27d279d1bb0cf70
full-accepted/build.jsonl	51cd92e4fb0a1390a733df0df5af705b895e7abbbb8db6fe6ffd902167f79a42	33f3f90d64438dfbb857ce3f01b2c3e8375fe73301275aaecaadb3eeb38517cf
full-accepted/build.txt	599a29b89fa660937b407a7c3efb0017eb7a0f4ed252f62154c1125dc52cf050	a1ee7d58abd59b67310d2f8af5829ae35c9cd56d5196c0cd2985930a08efe226
full-final/build.jsonl	36f9f29de25b160653bac9ba813d19456a54cf0e1c3bc424890d8c624cc6bff3	91704a0ef752aac5b2fd920bd6e49c9cf2172fe390c3278dd7f8ca0f19c57fe3
full-final/build.txt	f262c0604a216edd5abeef29603e0480144af40d475c82c7bc7c3564ab0251a2	98062c8d3a2ec5f0ec825af3a4d98fb6e3a4cce3e4f9296ac7b724d8d0bf1869
full-final-source/build.jsonl	880ad8f39a3a29e7e173718103703fa0fac44eebf820aea0e5ec00e15e38d360	f8651d51ba8b3b66b4ed3fdf04ab731a5a978e8366b99478519d4903e73ee566
full-final-source/build.txt	83ac8589bc129daff5c1b9c1a80d9d45312b4c701f14a08ef054240b6a661df5	9306944613d7f34f7caa3be8860918a50ad850f7c0387b985c7a10a8bb5560e2
full-verified/build.jsonl	1bf5a8a00204e1ed1cb1c9862df2872ed07dd534ca7428a92179cc2712140b26	760c15d479ed8a0e510cb74066a66fe94eb8f9323b055ac97f148ea090ab9433
full-verified/build.txt	05b670eafa17b22c34a6c3e3cba69bc70dd85d5f5e677fda68796903d9519e44	e2666562e763f4c2e2316be95f8a58282e7d14d3dd2da778e3bacadf993e0a8d
host-final.txt	9052f152640aa54b02c888890daf2f3fdc4ec3f2391fac85d33c0a2a9c50bea6	0c041a6f156cee3fb84483d32007c5f45beb2ea16a1078f321c79b1f669d6397
post-run-executables.sha256	fa0a40b1b0fa6b6bba228edd37ef6a961a80bc10e647cd0ef5b3238af1c425b5	3cddf6e613eb777286528431f567fd7cdb14eda164872a82a21e65ea71ef3099
transition-green/build.jsonl	1d9c7624995d08b549237e8a6663fd32b42e31b93c62f0c4124800d64b9606d6	2332703ace30161a0717516f07451c508883169515abd90fdcd461f2fc80dba8
transition-green/build.txt	8e90b6496dc9f1ce0bdb3b428e6ce8338e5e7c739b5698a25ad2bd3c9c2a277b	02c52042291f6728b203368149516dc606903718c8bb208c9aae36ed2b630fc1
transition-red/build.jsonl	cad72f6866d55bc2b2d4c156d230e233b7c486d421daff8a4ecb2adbebfd73a5	656a35ada16f208339b7f45162e63b65a157d80deae970c6d2cd6489e3c1ed52
transition-red/build.txt	76a414632ace941e23ee23755a5ff58f674e9ad9c40be084fcb4a746c29be0d4	0ec0bb44deebaefea55f235472e6ab6a0d4a0bc5165aa006ede0edfe58aeff92
