evidence/bindings-01/build.jsonl	992d22eb703653ba2be7cb622f04de5d42496c63446732a985bed433cb221272	9d31356eeb302d08f7bcf2885f39903e68847b24661415281c05b976274f1714
evidence/bindings-02/build.jsonl	7195b4d6511739840be6c5021c43c508eca03cfb1400104c9cc93e1b67ce26c2	96ad1b15381861603bb3dfccf0e5d77e2e4741187c6a4a6c4eb4abbb83eafb73
evidence/bindings-02/build.txt	b5ee5db45485a4b57e47eba50d968dde37a652eeec6a4b8d7fa7e86d8b2e77c4	fb9e0a3d6b05bc0e659be3d67ad9dc04a9ef8518a9016c2413e2272f65ecf311
evidence/bindings-final/build.jsonl	cbdeff0eb7aac49792c389ffcb869d2297c11bdd1467a6df778d2f96261da1bd	0667d6978f44733de9d83fc1ffe2f0c190e837dda6dd4ee94b19ed6a214a2d4c
evidence/bindings-verified/build.jsonl	ceb9a4fce322c2a1c400107f58fa37c049a94fb01bf68d937ff03788f023f41f	401c7d2b96043c82ea6c6531cd2debb2122f8bfe152b780a27614487d4703075
evidence/bindings-verified/build.txt	8be7aa0f9015d55fa0b23f7ed2faffac313d30f56d289d055a2f9a71135a6c6f	e9cb9f6f78e5cd991d3e9b53ccd94db3515c8fd37a007f33f22ae94d9fff5ab7
evidence/build-02.txt	b140d0bcbad249a290f008a3e3cda8901c47304c3ce9bf1dcddd9d65dc48b0b2	ef8ce7abc913d09b781c0615dbba31abbe67c14a1cb5716f9800c49b047a3dc1
evidence/build.jsonl	816a49a1b5712bf7adb2170c751ededb1e89bee5cfe775f19c047899c2e2acb6	576005ed51481a219042433e20aeb3b35e61d1d9022ed066d9a6b2f1819a911d
evidence/build.txt	424cd4559e732848c8cc096c40b15f342781a5a3380b4e615b0b326a2643afb0	8b53ee73866039c4f4dd59ef68540ecdd6c56b71e679ab35352a36c32f2826cb
evidence/disk-01/harness.sha256	72933a2e846f3dfae79c50f5a7f53ae526a8c4c34110ca4479e6c9e51af1b2ef	434819aaa99c2cc5bd78bacac174374b7a79c1db734958fca747670cf4c1e215
evidence/disk-01.txt	0e7715223ecb542130875e59ced263006b3524241cf4db0ca3158355e7c30099	11d1cc9bce8f22ab707c5c2ca0792a85e6c147446dca6650ade5a130eee18b93
evidence/disk-verified/harness.sha256	cda63d368793442e3ca4803ba3813c73a5377b2bbf5465a4c91d8237f5e5410a	4cf92d284791653341b1068a2b8745e3168436c87d36f002fbaba44fb8880b2d
evidence/disk-verified.txt	09a4607a7e27462427bd559380e8013031e753a8a37c4b3382177bf4be2a3905	ec5de7e2d1d1a15a04b12ea5f1ef94e3ad0e9fc11b78f06bd6418c43758a135e
evidence/host-controls-final/executable-check.txt	5817b8fd07afcebe57e69aa2319d25962772d88a902c6b74650bd9cc520cb4f3	0a2c69cf347e029aa65b75d47381f19ac920555a9aa8242f062872371867c56f
evidence/host-controls-final/executable.sha256	a12b1609f0c7f6cc8e703691e3b1ab93a2bebf95412c592cf0898a11b598f2e6	5da1113bfbf888039cdfe6ec24ff15050b8f5b640884269ad677c63a55ca378c
evidence/host-controls-verified/executable-check.txt	5817b8fd07afcebe57e69aa2319d25962772d88a902c6b74650bd9cc520cb4f3	0a2c69cf347e029aa65b75d47381f19ac920555a9aa8242f062872371867c56f
evidence/host-controls-verified/executable.sha256	f8c3ff59e6fb225830cf34520c0b4444578a764fc06e183e332f458e53f79e3d	d64f0ea0d24a0c5f477230f74cf1af9688abebe5f93cad47ff8bb627ab027380
evidence/models-final/MC_CasperSoakHarness.log	0ae472206f6d2b4d7a948fd20feb3e4f1bbaf8667fee46d4c922d5898d15820b	29d819662207ae82feb932c548bdae54d11475d9eb7d62cb9aa7192051ef585d
evidence/models-final/MC_CasperSoakHarness_cleanup_unsafe.log	770cc09a5a2e565fd4829525251e3a628c65b4a759ed0775a16f9f6d99e16be6	f8d143dca9d434cc2e28b10b1875df58540edbf13530878d92a924686f078b77
evidence/models-final/MC_CasperSoakHarness_control_unsafe.log	8220c712c2fb6f732eaa28296cef76bf6282648910314ed8a57120c4813fb110	7440772dd3f8b1dcf8aafde6d5886ef0f65eb655ad6b78466112ff247b0cedcd
evidence/models-final/MC_CasperSoakHarness_evidence_unsafe.log	d168ab34f265eeeebdf8f88ea12b28494cc760883d841cd19d2b4aa13101e15e	4324f3d58e923390b780e0542742f7117949f37bc1865fad50db22f66f703be4
evidence/models-final/MC_CasperSoakHarness_failure_unsafe.log	17f2f6e073fe4b8ee4ce9be26d88fc4ea830b729082632782be2afa25be04703	5d85471aac1b600a4251c2282ea7df796b4bdceb0fea7ef64794426209201caa
evidence/models-final/MC_CasperSoakHarness_identity_unsafe.log	206d75ff699e5c309b7c675cb929ca2458392afad6b53b2e528b176a168f0802	79fe3f436e138872603ecf7db0c024923bfb542d91171bf82fb612f45d908855
evidence/models-final/MC_CasperSoakHarness_merge_unsafe.log	e8e2977eb48cf5364f76228058c6471801134f163376533d326e1fce0b621e50	903dc56524986c8a629b2151927acdffb696708d0734024f277a24fa79d8cf17
evidence/models-final/MC_CasperSoakHarness_policy_unsafe.log	275fcab0969731ff8ac33d8a8455441d560ecab15866f68f3ec96aa0c33ce5aa	32f8ed356cebd44c779496ef40db8e61c200354709f97f97df2e9d683bb953e5
evidence/models-final/MC_CasperSoakHarness_resume_unsafe.log	43be0298209a144f2b21b73495d1ad98e93a572b22ab62b4d1d5da9399a8106b	12db0bbd89f82125fae5fd0095cd763f4b2581b410ba6a2ad688e53d49edbff6
evidence/models-final/MC_CasperSoakHarness_samples_unsafe.log	fa7b960421d3bd116555ec3ea41edad765c762d662aad2706785d843be9024ab	d44c71b4de3041304d3fdc210f9c7789fc4d4d31427f84e7342b1f3f42367efa
evidence/models-final/MC_CasperSoakHarness_stop_unsafe.log	56f65556ad3030af43fc365a9fb0fb153634d8091055c8256217fa47284f44c7	b1442759e41cffc7a6ff0a118e2dd65b8b1f59158aeabdc7e695cea5388b08bf
evidence/models-verified/MC_CasperSoakHarness.log	800c13c7684123e6e91efe77c4269123e68f4893439f555377df2770db2aa97f	485a5a8c1680e37894ec0c04c5c8f17eb16b4bdeabb6df87c3da222e0b0b7d09
evidence/models-verified/MC_CasperSoakHarness_cleanup_unsafe.log	e83c6a59a183bdd34777f5e86e35816a31e2c0c0ddd61c8eb59cac58022edd56	fef8c9c355e375ea7a0030ec2b0d7d6c4865cbb58acbdb54f7927ad2df4c3c42
evidence/models-verified/MC_CasperSoakHarness_control_unsafe.log	660a6d9a245c2d9f1c128dc94649da0bd92c83ef90dfaf2890e4d3a0192c0a0d	349ccd02b6c76d434ebdcbac81b36198115791aec62c9dd20004eb2aa7f3ca3e
evidence/models-verified/MC_CasperSoakHarness_evidence_unsafe.log	5dcae4a06126d0d3eff2e7124fdbee55bb4a768c40030a3e2abf044da0b6031d	c7c8442844d9cf0be6f70491c1f4c02331b17e199ed444b50259bb99666cfc66
evidence/models-verified/MC_CasperSoakHarness_failure_unsafe.log	4278983e2858322dc4ca4f244c6c6756e3ebe390ef74abe99c840dc0f30f07ea	3b894b3293226a86f26687e83de32ab3cda1f780be4a7003b2123b4d176ef940
evidence/models-verified/MC_CasperSoakHarness_identity_unsafe.log	cf7cf14e59846c976adc2cd32f5643bfc90c5605a493c1cf6cf6a033c39e68d0	bb1324b21ed91c8bfba6ffb52d8f5f654507a70f3fe504556c340388917c0bf1
evidence/models-verified/MC_CasperSoakHarness_merge_unsafe.log	8db73f096653347a854294d27784f852519ec2f7202575606f206ba66059c7d3	aaeedf0a38b3cceccfe5637d31fd0edc0a062dcf66eb84b8fa70ba5661c9761c
evidence/models-verified/MC_CasperSoakHarness_policy_unsafe.log	81e5051fde48f0b70b734dc30526a9753404ceff471deb20198c67749d7381eb	c39c7b73aa691215edda253d32c534a9322b2f18cf45707bc5ce291a05add6b2
evidence/models-verified/MC_CasperSoakHarness_resume_unsafe.log	7361895be2ef8f9028596d5dd2214a40628d8d4cab9fcd1ec71a3d71c3f88df8	aa32c6d28eb3e9f49e1f014a6542c4d82bcf1df81484cf287bf1e4515e219ee6
evidence/models-verified/MC_CasperSoakHarness_samples_unsafe.log	6bc1b98352654f774d170471ec9ab61231c13214d5d553898cc877e02a5001c9	db04aadef342271ce24b847ccc94bf41b5578b8cbe3c63229a90b9d87fb5de15
evidence/models-verified/MC_CasperSoakHarness_stop_unsafe.log	e88ca5fe67bb4a96715f9fe1537c59fddd176a40a6c9bf0356c16984c515b218	1047055f0522f7f0e7188accf96cf998810971f82fb40f5c0d810d9f0788fb6b
evidence/native-build-verified.txt	18bcf8c9347e22ed35ffc146e54a299b7416cfde1e459bf158371d18d111c8fc	dc4c11ee33bb1a11277d96ba42ac4111e9d3d5ac4f0971f8dbd79bd59ef6fdea
evidence/profile-regressions/binaries.sha256	d188f145952ed531bf0dee674f2308e5bfe0beb489ccbfd10d8a680ed1e2974e	d37e6e1e6f23ee3d7b0b60b536433a751238734a72a6a40b56c374a53be556d9
evidence/profile-regressions/current-binary-check.txt	bc6e1d806b2ebc4685a8f0e12107740ef9b476e6c7294fc74a19d9dd03036bf9	cbc483f80f49c53de488cb7c30cccacf95541d4ebb106aa1b020c8f30b368832
evidence/tlc.sha256	7b0f949ef1bc139e66a63bba09d115f94c75a4496222adeea040657cce7fbf59	5ba03ef23b3eec424046843d954dcb07078ef6c9c520c4b6f95f1933eecd534e
