authority-finality-final/models/MC_AuthorityFinality.log	82ad16724a8a4d180684c1e9a8f974a074e0e5445d1ac0444c21e45a96449a9c	15ec8c5a92b1eff6fc37e5f7d896754f87813f191cae4f85b20a40fd6a720424
authority-finality-final/models/MC_AuthorityFinality_finality_unsafe.log	219576492aeb7d5fdf643c62132c398191110cf679195d35cf0b562ed1f47f5b	9c7f5a9be9bd61b86a90f3f9a91530aae2f493f30119affcf1e16d4c9e5dd965
authority-finality-final/models/MC_AuthorityFinality_head_unsafe.log	aa1f3075b8517437d485e934f0df9be28445a6d3009fac8f431acb4dbaf8cae9	d882b80e3abc0a684bed3124d5503e5f285a4653bf81741b8d46e448fdb6f99c
authority-finality-final/models/MC_AuthorityFinality_pair_unsafe.log	ee2a623623e3a952981852e16575878b990e9b56a367a9fb030cf04bc84de661	2507bfbace99c8168456d68621b80415c730f62dabfafeba365a8b19e43f33b1
linux/binaries.sha256	78b68a0efee24b1caa8dd84f52f592f3820063e5237ed79e6fcba9885b4ff304	bcd11e0498b3dd02ae2e332e0d643ff8cda4d88bfd0a9762deddb64b9311705f
linux/binary-check.txt	bc6e1d806b2ebc4685a8f0e12107740ef9b476e6c7294fc74a19d9dd03036bf9	cbc483f80f49c53de488cb7c30cccacf95541d4ebb106aa1b020c8f30b368832
linux-build.jsonl	a236a8ad14ddc16d7e819a5d830d7f0ca880b3b6acf63a219c0dec01ccd35639	26d0996f187465fbcc97ee54925388b8ddd76c1fe09aeba2904b4c27cb89cbac
linux-build.txt	40022cfd2fef5f40ed757e977a03ec50db41d16bd54fd90b973bbf6393f8a61a	bbee8f22983a71d7f8322a2ae8c67df52ab5066130583eeb031f22bf6d6ea010
publication-final/models/MC_Publication.log	e2eba673778c8e2ff1ee477a45c10b589dce7360173261b4e7ebaace38b5a6b9	4153556ea4d384c3c27fc1d0d14e599e2b684f5affbea55a28f6d108bc4a9591
publication-final/models/MC_Publication_fault_unsafe.log	1098f8aa9f509154c67b6b277931b3162695c4662fb41534fa6511895a085f39	0b4d5e848c7427ae2263c2acfaf2cd823badd79e1f18b7dcd17b81efe21f87d0
publication-final/models/MC_Publication_restart_unsafe.log	ca10028c207a7dec7c558e252b4a3904d39ab093b470b551cb80565861e3452d	1b87f705ed7ecaa091be6058e82c93361c9d1ce2658849b7523b4e8b2cb834e5
publication-final/models/MC_Publication_tuple_unsafe.log	e78ce73151185c064160f1c7e9f66faef46d3f500063770d0dcd8c2be577eed9	aad47da71bd0b6d4726ff20c53d8b226a201bcce237b24d14859bac145b32b93
publication-green.txt	c6ad69c76603b7f96e8a59b1ddbb2eb67c2d5ec5c5ae4b2f927042747c6a2f7a	418f4f26a02e8c686331d1c74d39869d1d232dc3407e5d800f50e97583011048
recovery-final/models/MC_Recovery.log	c0325106df36e47839fc24dc1cf4e084d9c908089d487876e401284eca729b80	b8cf84a553a0a755132624d56fda6b61146668a27470251e3ff5db17cb7b6535
recovery-final/models/MC_Recovery_lane_unsafe.log	672dec30e394e16f060c50dddfc5d92d3ee261cfd2941c35a89f5a3203213937	56122dc70f5485b6ac1082d201fc09debd2e7bd37aa8d2376e3beb90cef1f0b2
recovery-final/models/MC_Recovery_occurrence_unsafe.log	ce93bf5c7881c2b56f94c3e8d861fbc11e0aebe347d88a18fc4bb3045859d964	5c5d178912f7629be1093375a849326f48e0408c669eba0ae9cb5daeb0c57f2e
recovery-final/models/MC_Recovery_pause_unsafe.log	64d9c3d5896114e3ddb885fc92f85cd8bc4b9f3e84646c32a181b182be9be272	893472e3478f483b9efe49fdbf885a10cbde528fad4d79e5a9a1995137a044d9
