capture-order-red.txt	6da82d09fe569f8267d33d6573f081d74f1dcd19f5c87faa4f287418156f4ed7	5d3108888ecaae0830afe570f76c343042fa55c4f9a8a2aecbbb5c8ca90a77af
check-corrected.txt	6371f837ce87536d22d73415b028096b6b5dc1816eacdc58e4727371a138e036	f2edd55508230dd099ddd35d6300380b060dd4cb92d3f50eaca9266f95562d4e
docker-status.txt	1a428df9df865e12d5ce161424e499779b711fe7cbe77d0e589f10795bee6ec8	aef618999eb73c98ee5bd906a6fdcf0facb07620742c2504125c69bafa05c3a5
final-source/fixtures.txt	1422f21831c0499246a08773fe034426fbef6b88a23802ac01b92c5139473326	9e7d5b1b87da0f292cd1aab22424e34fc284b324fd9188edf58a568414ea6c34
green.txt	5f27f13f0b300fc3e05fc5687d8189fee7f38c57d592cd4e76885010d0e9c0c5	4e05cc174b6c61dbac891fbf02472d8e9ddcdb4df23c39c443881f796a4fc712
independent-red.txt	3d4a3cadbfd25b24a2f5f804eee56b95c74ceaf1471468a1062a93d7dc913deb	81c510046dde7e599388b57a0074432fd97ac90821e9935836aae79cb92377c8
initial-check.txt	d0e84fe85814eb1e436fc896eef440f51e8f72ff427322bd17901212506769e5	79eb5026d91127f19593495e36a4c4aafde6f563a15b138e8e9a1b8da4cc0344
linux-final.jsonl	5d811cbdf94b6427cd0a39369a5c9de76a56e385df41a024aa7841451aada9c3	3c7b459cee8f36b06b5d38905a6625ccba476ccf92ab44c35450ec6cc7a2d9a2
linux-final.txt	6ed5ec86af77f0c3ba1a38c41317f32e1244ec16f1bb578f1d137122c4a8ec31	56dedec7b991f61a58f3da97166cc49c0f68d4ee0bff26c22db8e1193c58a37a
schema-copy-red.txt	8a13c5bc3decaa1b074a718e6be796bad87d99d9293ea0c42583d6bcce154aef	2e0481a1dacbfdfb770761efffb0ed875130a653f23e432e608c697c614a337d
