target/task-017-9/clippy.txt	454cf40a148537592fe55f2276d82d671af52b39407d6e44a18d8c92646be99f	902fcc7635280acc345620088420a7a99c1e8bc495fa5cc152a63b3fcf563f1f
target/task-017-9/deadline-red/tests.txt	e6755178c9ada3fa8fc2face67dd730aee7f8b34e8a211e12d439c466a9c73c4	951a06648b47b4c80b3a5cb0f45af116d397a4455b75be3080af54c1f1135db2
target/task-017-9/initial/check.txt	0b34b93159a1bf6dc8fb637abba0e98104425f7173c6b0bd2c710432f6a636f2	96d6eb19fd133068f17743db0627d51fd8fcf901a7bb8ddf9c1d5e637a6edb0c
target/task-017-9/linux-build.jsonl	c573b0c4634e5e2be9ded61c30ba3e114a5055b774427d1c7abd1de3b8d5ed00	796f6c56b0dfe3cef5d58591b29d17fabd02614520799d702d165e041defbe25
target/task-017-9/linux-build.txt	8f894bf753b4ce21b736cb2895643f0b9a6fbdbf7c7457830bfef4d6b4b36095	d2739f5a7d851bcddc81c51bacb593c6543fc524afdf1de8c9ff2615d7ffbb9e
target/task-017-9/linux-final/binaries.sha256	9a662493d1ddd44cdb7a527669fff68c75e7d0664703648c49f41d2305978de5	7fef734c58c2713440c8585e2428e154e50b8970097b7eca6ab102346413ae0e
target/task-017-9/linux-final/binary-check.txt	7f876d1a2fc49c1783fa573f883b352db001af13e4da8e7c307d8259bd0c931f	c23e37338a43c452fda4cce763697d054766b94c174b79dff591fdbbd96ba0e1
target/task-017-9/models-initial/MC_Slashing.log	7fad19074a5446f7a1490fb36a939f364bb416d71bcc419200babd6e21850f8b	44e168961e81678831668cfa5bc79128815423a4040cfbbc00b0ca0094b352eb
target/task-017-9/models-initial/MC_Slashing_authorization_unsafe.log	ca24fcfdddeecd7b2d3ee1cf522f89f5cd53db49c7dbec0fa3f6ea6d0b72830b	164b15510141ec3998b34da94efdb3deb0e869bc52fa50512a92034a4342cdd7
target/task-017-9/models-initial/MC_Slashing_epoch_unsafe.log	1d627e9192ed2696b0066fa5d26df1097cb5b017b03ead009ff3d0b0e4817494	6076779426c2af9dba4915d370744fc8b1289773be59c57c8a5fe854dbd60f0e
target/task-017-9/models-initial/MC_Slashing_order_unsafe.log	8ec83bd5aeada81ff750ac15e647f31f1591294f6cb35bcda6568d5e0fa2d0a8	a165c5596f608bc7d05735ff42f6a0cb4ecd4fd644b7608961486bb4fb08f755
target/task-017-9/native-final/fixtures.txt	4b7ad745a1b2f7a74b738348fe08b51fb5a796dfcb99307f428e886c89118374	8d340248bc7a66ca9684e30665a8058f11be7a26d926d29debf4ba25552278dc
target/task-017-9/native-final/models/MC_Slashing.log	ca094b50dbee59649bc0f079a4977a3d3894ebb6bc33061205e8bb49e42d31c0	d01dc3e910ad58ce1f2e0b950258491a285d95a8185d73bd15122aaeb4caf63a
target/task-017-9/native-final/models/MC_Slashing_authorization_unsafe.log	3e73e94c3e903becb72868a8ae0e5cf2fdd98838b8406772e779ec564067318c	2318b89ab882daa5a5366bab182bbc29a6eb61650eb46a67a5804fe403148881
target/task-017-9/native-final/models/MC_Slashing_epoch_unsafe.log	f8d612de7d6736c75c783c7cd8b5a43c7d48da44154ba513da3316928cd156c0	392672257c453bfbd540db9c9cb1aa95e0311a5743d60c9effd579d26d40b8f4
target/task-017-9/native-final/models/MC_Slashing_order_unsafe.log	b664b93885d51f26291bbf3f9bc0c2ceeffecbb837c84acce6c9f82a889fcd15	fd5d20eca204ec8a9b2d713563efaea1be0cc348672847e86e0158b52a099f89
target/task-017-9/native-recorded/models/MC_Slashing.log	4d98647e61ee64de1fa82f18915a57798dca7ac4cb3e975e85d8ecae9d993256	9a9d9ce738574c0b61cc1b06c2bd0a0c9ff7b05384450a616272802d7905e0a3
target/task-017-9/native-recorded/models/MC_Slashing_authorization_unsafe.log	2d964d701b413fc059d487e483a19d692d17f478d9a7e84b77d62c1b1760d034	1d9ae17ec367e0c10934d9425eb5541111db7211d4d562318299f4b50059040a
target/task-017-9/native-recorded/models/MC_Slashing_epoch_unsafe.log	28a3bec5d193027ef45b67bbd92a46affccbbe5a7449bdeddff1bb0777351906	209b6cd00352701388adc653cbbb64312b84bc23d737229b24275f3ead93bb04
target/task-017-9/native-recorded/models/MC_Slashing_order_unsafe.log	d9ddbcf8900d0f3ea24ab3afe36f075553bb5635668aef9db7629bf3ce3666cc	5c79e2ae20cd659c44e36aea5fae818b5974dfa34ca4c738161a27a9bf91cead
target/task-017-9/runner-controls/bin/cargo	9e2db46c20391074a4bb9b50c7a817e6899fb1b6723759ff73e0908ece74a83a	61ff0a3e64010c0efe59862780c4d997d66460e1c0a40d63fb2172fd00f917d2
target/task-017-9/runner-controls/rename.txt	35f2c3efad41d277fe1070abc9f9b898385e4f9fbefa7ce38c96620888a94966	ebcf0478d45ae0131a318d28de70da8298c50dc4253bfbb9ec5e56cbc8470d27
