iteration,provider,phase,inclusion_p50_s,inclusion_p95_s,finalization_p50_s,finalization_p95_s,lfb_start,lfb_end,lfb_blocks_per_minute,unfinalized,log_path,log_line
1,docker,low,3.4,6.0,19.9,23.4,1,10,10.3,0,iteration-00001-docker/pytest.log,29
1,docker,medium,6.7,10.8,24.2,27.9,10,19,11.2,0,iteration-00001-docker/pytest.log,304
1,docker,high,5.4,8.6,18.2,23.7,19,32,20.9,0,iteration-00001-docker/pytest.log,579
1,docker,burst,5.7,6.7,19.6,19.6,32,37,14.8,0,iteration-00001-docker/pytest.log,854
1,docker,sustained,4.0,8.8,15.1,25.2,37,177,26.8,0,iteration-00001-docker/pytest.log,1129
2,subprocess,low,3.4,5.9,20.8,24.8,1,9,9.9,0,iteration-00002-subprocess/pytest.log,27
2,subprocess,medium,5.1,8.9,18.2,21.8,9,20,17.2,0,iteration-00002-subprocess/pytest.log,302
2,subprocess,high,6.4,10.6,20.2,24.9,20,29,14.5,0,iteration-00002-subprocess/pytest.log,577
2,subprocess,burst,7.5,8.5,21.4,21.4,29,33,10.7,0,iteration-00002-subprocess/pytest.log,852
2,subprocess,sustained,5.6,18.9,25.6,57.7,33,151,21.0,0,iteration-00002-subprocess/pytest.log,1127
3,docker,low,3.9,6.9,20.9,23.4,1,9,9.6,0,iteration-00003-docker/pytest.log,28
3,docker,medium,6.6,11.2,19.4,24.1,9,19,17.5,0,iteration-00003-docker/pytest.log,303
3,docker,high,5.8,9.3,16.2,22.5,19,30,17.7,0,iteration-00003-docker/pytest.log,578
3,docker,burst,5.7,6.7,13.6,14.6,30,34,15.8,0,iteration-00003-docker/pytest.log,853
3,docker,sustained,4.5,10.1,15.7,33.7,34,166,24.4,0,iteration-00003-docker/pytest.log,1128
4,subprocess,low,3.9,6.9,20.8,23.8,1,9,9.4,0,iteration-00004-subprocess/pytest.log,26
4,subprocess,medium,5.0,8.8,18.5,22.0,9,20,15.2,0,iteration-00004-subprocess/pytest.log,301
4,subprocess,high,6.1,10.7,20.6,26.6,20,31,16.8,0,iteration-00004-subprocess/pytest.log,576
4,subprocess,burst,6.4,7.4,20.3,20.4,31,35,11.3,0,iteration-00004-subprocess/pytest.log,851
4,subprocess,sustained,5.9,11.6,24.6,49.3,35,142,18.9,0,iteration-00004-subprocess/pytest.log,1126
5,docker,low,3.9,6.9,20.9,23.9,1,9,9.4,0,iteration-00005-docker/pytest.log,28
5,docker,medium,6.7,11.1,18.7,23.9,9,17,14.4,0,iteration-00005-docker/pytest.log,303
5,docker,high,5.4,9.1,16.4,20.2,17,29,22.3,0,iteration-00005-docker/pytest.log,578
5,docker,burst,6.6,7.7,19.6,19.6,29,33,11.9,0,iteration-00005-docker/pytest.log,853
5,docker,sustained,4.7,9.7,18.2,38.4,33,169,25.3,0,iteration-00005-docker/pytest.log,1128
6,subprocess,low,3.9,6.9,20.8,23.8,1,9,9.4,0,iteration-00006-subprocess/pytest.log,26
6,subprocess,medium,5.4,9.2,19.2,25.6,9,19,14.2,0,iteration-00006-subprocess/pytest.log,301
6,subprocess,high,6.4,9.8,22.6,27.5,19,29,16.5,0,iteration-00006-subprocess/pytest.log,576
6,subprocess,burst,7.5,8.5,21.4,26.4,29,34,11.0,0,iteration-00006-subprocess/pytest.log,851
6,subprocess,sustained,5.8,13.9,25.6,49.6,34,149,20.6,0,iteration-00006-subprocess/pytest.log,1126
7,docker,low,3.9,6.9,19.9,23.9,1,9,9.6,0,iteration-00007-docker/pytest.log,28
7,docker,medium,7.3,13.7,24.5,28.7,9,18,12.2,0,iteration-00007-docker/pytest.log,303
7,docker,high,5.7,9.4,18.9,23.7,18,31,18.5,0,iteration-00007-docker/pytest.log,578
7,docker,burst,6.7,7.7,14.6,14.6,31,35,15.8,0,iteration-00007-docker/pytest.log,853
7,docker,sustained,4.4,8.9,15.9,28.4,35,164,24.2,0,iteration-00007-docker/pytest.log,1128
8,subprocess,low,3.9,6.9,20.8,24.3,1,9,9.4,0,iteration-00008-subprocess/pytest.log,26
8,subprocess,medium,5.2,9.2,18.6,21.9,9,20,15.2,0,iteration-00008-subprocess/pytest.log,301
8,subprocess,high,5.9,10.3,17.7,21.6,20,30,18.6,0,iteration-00008-subprocess/pytest.log,576
8,subprocess,burst,7.4,8.5,21.3,21.4,30,34,10.7,0,iteration-00008-subprocess/pytest.log,851
8,subprocess,sustained,5.6,13.8,24.2,52.8,34,143,19.8,0,iteration-00008-subprocess/pytest.log,1126
9,docker,low,3.9,6.9,20.9,23.9,1,9,9.4,0,iteration-00009-docker/pytest.log,28
9,docker,medium,6.2,11.2,19.0,23.9,9,17,14.5,0,iteration-00009-docker/pytest.log,303
9,docker,high,5.2,8.4,16.8,23.0,17,29,17.5,0,iteration-00009-docker/pytest.log,578
9,docker,burst,5.7,6.7,19.6,19.7,29,34,14.8,0,iteration-00009-docker/pytest.log,853
9,docker,sustained,4.5,9.8,16.4,39.3,34,166,24.4,0,iteration-00009-docker/pytest.log,1128
10,subprocess,low,3.9,6.9,22.8,28.8,1,9,9.4,0,iteration-00010-subprocess/pytest.log,26
10,subprocess,medium,5.7,9.5,18.7,21.9,9,20,17.7,0,iteration-00010-subprocess/pytest.log,301
10,subprocess,high,6.6,10.0,22.2,27.9,20,33,22.7,0,iteration-00010-subprocess/pytest.log,576
10,subprocess,burst,6.5,7.5,20.4,26.4,33,37,8.8,0,iteration-00010-subprocess/pytest.log,851
10,subprocess,sustained,5.7,17.9,23.9,55.7,37,154,20.8,0,iteration-00010-subprocess/pytest.log,1126
11,docker,low,3.9,6.9,19.9,22.9,1,9,9.6,0,iteration-00011-docker/pytest.log,28
11,docker,medium,6.6,11.3,20.0,24.9,9,20,14.6,0,iteration-00011-docker/pytest.log,303
11,docker,high,6.0,9.9,13.8,18.6,20,37,30.7,0,iteration-00011-docker/pytest.log,578
11,docker,burst,6.7,6.7,19.6,19.7,37,41,11.9,0,iteration-00011-docker/pytest.log,853
11,docker,sustained,4.5,8.6,16.2,24.5,41,167,23.3,0,iteration-00011-docker/pytest.log,1128
12,subprocess,low,4.3,6.9,20.3,24.3,1,9,9.2,0,iteration-00012-subprocess/pytest.log,26
12,subprocess,medium,5.5,9.2,19.4,26.3,9,19,14.2,0,iteration-00012-subprocess/pytest.log,301
12,subprocess,high,6.5,11.2,27.8,33.2,19,29,13.5,0,iteration-00012-subprocess/pytest.log,576
12,subprocess,burst,7.4,8.4,21.3,21.3,29,33,10.7,0,iteration-00012-subprocess/pytest.log,851
12,subprocess,sustained,6.0,18.1,27.6,60.8,33,148,20.3,0,iteration-00012-subprocess/pytest.log,1126
13,docker,low,4.4,6.9,20.9,23.9,1,9,9.4,0,iteration-00013-docker/pytest.log,28
13,docker,medium,6.6,10.9,18.9,24.1,9,18,12.2,0,iteration-00013-docker/pytest.log,303
13,docker,high,5.2,9.3,18.7,26.4,18,31,21.0,0,iteration-00013-docker/pytest.log,578
13,docker,burst,5.7,6.7,18.6,18.6,31,36,15.6,0,iteration-00013-docker/pytest.log,853
13,docker,sustained,4.5,8.5,15.7,32.5,36,167,24.3,0,iteration-00013-docker/pytest.log,1128
14,subprocess,low,4.4,6.9,20.8,24.8,1,9,9.2,0,iteration-00014-subprocess/pytest.log,26
14,subprocess,medium,5.2,8.8,17.6,21.4,9,20,17.2,0,iteration-00014-subprocess/pytest.log,301
14,subprocess,high,6.3,11.6,19.1,22.5,20,33,23.4,0,iteration-00014-subprocess/pytest.log,576
14,subprocess,burst,7.5,8.5,20.4,20.4,33,36,8.4,0,iteration-00014-subprocess/pytest.log,851
14,subprocess,sustained,5.8,14.0,25.4,59.8,36,152,20.6,0,iteration-00014-subprocess/pytest.log,1126
15,docker,low,3.9,6.9,20.9,23.9,1,9,9.4,0,iteration-00015-docker/pytest.log,28
15,docker,medium,6.7,11.1,21.9,27.5,9,19,15.7,0,iteration-00015-docker/pytest.log,303
15,docker,high,5.5,8.9,18.4,22.6,19,29,16.6,0,iteration-00015-docker/pytest.log,578
15,docker,burst,5.7,6.7,18.6,19.6,29,34,14.8,0,iteration-00015-docker/pytest.log,853
15,docker,sustained,4.3,8.1,15.8,29.8,34,166,24.7,0,iteration-00015-docker/pytest.log,1128
16,subprocess,low,4.4,6.9,20.8,24.3,1,9,9.2,0,iteration-00016-subprocess/pytest.log,26
16,subprocess,medium,5.3,9.0,18.9,25.6,9,19,14.2,0,iteration-00016-subprocess/pytest.log,301
16,subprocess,high,6.3,12.1,18.3,21.1,19,33,24.5,0,iteration-00016-subprocess/pytest.log,576
16,subprocess,burst,6.5,7.5,20.4,26.4,33,37,8.8,0,iteration-00016-subprocess/pytest.log,851
16,subprocess,sustained,6.0,17.9,26.0,57.5,37,152,20.5,0,iteration-00016-subprocess/pytest.log,1126
17,docker,low,3.9,6.9,20.8,23.8,1,9,9.4,0,iteration-00017-docker/pytest.log,28
17,docker,medium,6.4,11.7,23.8,27.4,9,18,12.5,0,iteration-00017-docker/pytest.log,303
17,docker,high,5.6,9.5,16.5,22.8,18,30,19.3,0,iteration-00017-docker/pytest.log,578
17,docker,burst,5.6,6.7,19.6,19.6,30,34,11.8,0,iteration-00017-docker/pytest.log,853
17,docker,sustained,4.5,9.1,15.9,29.5,34,169,25.5,0,iteration-00017-docker/pytest.log,1128
18,subprocess,low,3.4,5.9,20.8,23.8,2,11,11.2,0,iteration-00018-subprocess/pytest.log,27
18,subprocess,medium,5.1,8.9,16.5,20.6,11,22,17.7,0,iteration-00018-subprocess/pytest.log,302
18,subprocess,high,6.5,12.8,20.1,29.4,22,35,17.6,0,iteration-00018-subprocess/pytest.log,577
18,subprocess,burst,7.5,8.5,21.4,26.4,35,40,11.0,0,iteration-00018-subprocess/pytest.log,852
18,subprocess,sustained,6.5,15.7,29.3,54.4,40,143,18.4,0,iteration-00018-subprocess/pytest.log,1127
19,docker,low,3.9,6.9,20.9,23.9,1,9,9.4,0,iteration-00019-docker/pytest.log,28
19,docker,medium,6.7,12.0,23.7,27.3,9,17,11.1,0,iteration-00019-docker/pytest.log,303
19,docker,high,5.8,8.8,17.5,20.7,17,30,20.4,0,iteration-00019-docker/pytest.log,578
19,docker,burst,5.7,6.7,18.6,18.6,30,35,15.6,0,iteration-00019-docker/pytest.log,853
19,docker,sustained,4.5,9.8,17.1,34.7,35,171,25.2,0,iteration-00019-docker/pytest.log,1128
20,subprocess,low,3.9,6.9,20.8,23.8,1,9,9.7,0,iteration-00020-subprocess/pytest.log,27
20,subprocess,medium,5.2,8.7,19.1,25.8,9,19,14.2,0,iteration-00020-subprocess/pytest.log,302
20,subprocess,high,6.8,11.5,25.8,32.8,19,31,15.9,0,iteration-00020-subprocess/pytest.log,577
20,subprocess,burst,7.5,8.5,20.4,20.4,31,35,11.2,0,iteration-00020-subprocess/pytest.log,852
20,subprocess,sustained,6.2,12.6,26.0,48.6,35,141,18.8,0,iteration-00020-subprocess/pytest.log,1127
21,docker,low,3.9,6.5,20.9,23.9,1,9,9.6,0,iteration-00021-docker/pytest.log,28
21,docker,medium,6.5,11.0,18.9,23.5,9,19,17.5,0,iteration-00021-docker/pytest.log,303
21,docker,high,6.9,11.2,16.1,21.4,19,36,29.8,0,iteration-00021-docker/pytest.log,578
21,docker,burst,5.7,6.7,19.6,19.7,36,40,11.9,0,iteration-00021-docker/pytest.log,853
21,docker,sustained,4.8,9.6,17.3,33.0,40,167,23.7,0,iteration-00021-docker/pytest.log,1128
22,subprocess,low,4.8,7.4,20.7,24.7,1,9,10.1,0,iteration-00022-subprocess/pytest.log,27
22,subprocess,medium,5.6,9.6,20.4,25.5,9,19,13.6,0,iteration-00022-subprocess/pytest.log,302
22,subprocess,high,6.2,11.3,17.8,21.6,19,31,18.3,0,iteration-00022-subprocess/pytest.log,577
22,subprocess,burst,6.4,7.5,20.4,21.3,31,35,10.7,0,iteration-00022-subprocess/pytest.log,852
22,subprocess,sustained,6.0,18.3,25.8,59.7,35,149,20.0,0,iteration-00022-subprocess/pytest.log,1127
23,docker,low,3.9,6.9,20.4,23.9,1,9,9.4,0,iteration-00023-docker/pytest.log,28
23,docker,medium,6.6,10.9,19.3,24.1,9,17,14.4,0,iteration-00023-docker/pytest.log,303
23,docker,high,5.3,8.1,15.6,19.8,17,32,24.2,0,iteration-00023-docker/pytest.log,578
23,docker,burst,5.7,6.7,19.6,19.6,32,37,14.8,0,iteration-00023-docker/pytest.log,853
23,docker,sustained,4.7,10.3,17.4,37.6,37,164,23.0,0,iteration-00023-docker/pytest.log,1128
24,subprocess,low,3.9,6.9,21.3,24.3,1,9,9.2,0,iteration-00024-subprocess/pytest.log,26
24,subprocess,medium,5.0,8.6,18.5,21.9,9,20,15.6,0,iteration-00024-subprocess/pytest.log,301
24,subprocess,high,6.6,12.2,19.8,22.6,20,33,22.1,0,iteration-00024-subprocess/pytest.log,576
24,subprocess,burst,6.4,8.4,20.3,20.3,33,37,11.2,0,iteration-00024-subprocess/pytest.log,851
24,subprocess,sustained,6.0,12.5,26.4,60.0,37,146,19.2,0,iteration-00024-subprocess/pytest.log,1126
25,docker,low,3.4,5.9,20.4,22.9,1,10,10.3,0,iteration-00025-docker/pytest.log,29
25,docker,medium,6.7,10.6,18.8,23.3,10,19,13.8,0,iteration-00025-docker/pytest.log,304
25,docker,high,6.0,9.9,14.7,19.5,19,33,25.3,0,iteration-00025-docker/pytest.log,579
25,docker,burst,5.7,6.7,18.7,18.7,33,37,12.5,0,iteration-00025-docker/pytest.log,854
25,docker,sustained,4.6,9.5,18.0,40.7,37,168,24.6,0,iteration-00025-docker/pytest.log,1129
26,subprocess,low,4.4,6.9,21.8,24.8,1,9,9.2,0,iteration-00026-subprocess/pytest.log,26
26,subprocess,medium,5.0,8.8,18.2,21.7,9,19,14.2,0,iteration-00026-subprocess/pytest.log,301
26,subprocess,high,6.2,10.8,27.6,31.6,19,30,14.9,0,iteration-00026-subprocess/pytest.log,576
26,subprocess,burst,6.4,7.4,20.3,20.4,30,34,11.2,0,iteration-00026-subprocess/pytest.log,851
26,subprocess,sustained,5.9,20.3,26.8,56.4,34,151,20.5,0,iteration-00026-subprocess/pytest.log,1126
27,docker,low,3.9,6.9,19.9,23.9,1,9,9.4,0,iteration-00027-docker/pytest.log,28
27,docker,medium,6.4,10.6,22.2,26.9,9,17,12.6,0,iteration-00027-docker/pytest.log,303
27,docker,high,7.1,11.6,17.5,22.4,17,31,20.9,0,iteration-00027-docker/pytest.log,578
27,docker,burst,5.7,6.7,18.6,18.6,31,35,12.4,0,iteration-00027-docker/pytest.log,853
27,docker,sustained,4.5,9.2,17.2,35.6,35,165,24.4,0,iteration-00027-docker/pytest.log,1128
28,subprocess,low,3.9,6.9,20.8,24.3,1,9,9.4,0,iteration-00028-subprocess/pytest.log,26
28,subprocess,medium,5.4,9.5,17.7,22.0,9,19,14.2,0,iteration-00028-subprocess/pytest.log,301
28,subprocess,high,6.8,11.3,19.6,30.2,19,31,16.3,0,iteration-00028-subprocess/pytest.log,576
28,subprocess,burst,6.4,7.5,20.4,20.4,31,35,11.3,0,iteration-00028-subprocess/pytest.log,851
28,subprocess,sustained,6.0,15.4,29.7,56.0,35,144,19.6,0,iteration-00028-subprocess/pytest.log,1126
29,docker,low,3.9,6.5,20.9,23.9,1,9,9.6,0,iteration-00029-docker/pytest.log,28
29,docker,medium,6.6,10.6,20.9,24.5,9,19,13.3,0,iteration-00029-docker/pytest.log,303
29,docker,high,5.7,10.8,15.5,25.1,19,34,20.8,0,iteration-00029-docker/pytest.log,578
29,docker,burst,5.7,6.7,19.6,19.6,34,39,14.8,0,iteration-00029-docker/pytest.log,853
29,docker,sustained,4.0,7.3,14.7,23.5,39,181,26.2,0,iteration-00029-docker/pytest.log,1128
30,subprocess,low,3.9,5.9,21.3,24.8,1,9,9.9,0,iteration-00030-subprocess/pytest.log,27
30,subprocess,medium,5.1,8.8,16.8,21.4,9,20,20.5,0,iteration-00030-subprocess/pytest.log,302
30,subprocess,high,6.3,10.4,21.9,27.2,20,30,13.9,0,iteration-00030-subprocess/pytest.log,577
30,subprocess,burst,7.5,8.5,21.4,26.4,30,35,11.0,0,iteration-00030-subprocess/pytest.log,852
30,subprocess,sustained,5.5,19.6,22.0,59.7,35,151,20.4,0,iteration-00030-subprocess/pytest.log,1127
31,docker,low,3.9,6.5,19.9,22.9,1,9,9.6,0,iteration-00031-docker/pytest.log,28
31,docker,medium,6.8,11.8,21.2,27.7,9,20,14.6,0,iteration-00031-docker/pytest.log,303
31,docker,high,5.7,8.3,16.3,22.5,20,32,17.0,0,iteration-00031-docker/pytest.log,578
31,docker,burst,5.7,6.7,18.6,18.6,32,37,15.6,0,iteration-00031-docker/pytest.log,853
31,docker,sustained,4.5,8.1,15.6,28.3,37,165,24.1,0,iteration-00031-docker/pytest.log,1128
32,subprocess,low,3.9,6.9,21.3,24.8,1,9,9.2,0,iteration-00032-subprocess/pytest.log,26
32,subprocess,medium,5.0,8.8,18.9,25.4,9,19,14.2,0,iteration-00032-subprocess/pytest.log,301
32,subprocess,high,6.2,10.0,21.0,24.8,19,29,15.7,0,iteration-00032-subprocess/pytest.log,576
32,subprocess,burst,7.5,8.5,21.4,21.4,29,33,10.7,0,iteration-00032-subprocess/pytest.log,851
32,subprocess,sustained,6.1,15.1,28.1,51.8,33,140,19.4,0,iteration-00032-subprocess/pytest.log,1126
33,docker,low,3.4,5.9,20.4,23.9,1,9,10.2,0,iteration-00033-docker/pytest.log,29
33,docker,medium,8.0,13.8,25.4,28.7,9,18,11.2,0,iteration-00033-docker/pytest.log,304
33,docker,high,5.6,11.6,23.0,28.9,18,28,13.9,0,iteration-00033-docker/pytest.log,579
33,docker,burst,5.7,6.7,18.6,18.6,28,32,12.5,0,iteration-00033-docker/pytest.log,854
33,docker,sustained,4.4,8.8,14.9,27.7,32,169,25.6,0,iteration-00033-docker/pytest.log,1129
34,subprocess,low,4.3,6.8,20.8,24.3,1,8,8.9,0,iteration-00034-subprocess/pytest.log,26
34,subprocess,medium,5.2,8.8,19.0,25.3,8,18,14.2,0,iteration-00034-subprocess/pytest.log,301
34,subprocess,high,6.3,11.9,18.3,21.3,18,32,24.5,0,iteration-00034-subprocess/pytest.log,576
34,subprocess,burst,7.5,8.5,21.4,21.4,32,35,8.0,0,iteration-00034-subprocess/pytest.log,851
34,subprocess,sustained,6.2,20.9,30.4,52.3,35,149,20.2,0,iteration-00034-subprocess/pytest.log,1126
35,docker,low,3.9,6.9,19.9,23.8,1,10,10.3,0,iteration-00035-docker/pytest.log,29
35,docker,medium,6.7,10.6,20.2,24.8,10,18,14.0,0,iteration-00035-docker/pytest.log,304
35,docker,high,5.6,8.9,19.7,23.5,18,28,16.6,0,iteration-00035-docker/pytest.log,579
35,docker,burst,5.6,6.7,18.6,18.6,28,32,12.4,0,iteration-00035-docker/pytest.log,854
35,docker,sustained,4.4,9.3,15.9,33.3,32,165,24.6,0,iteration-00035-docker/pytest.log,1129
36,subprocess,low,3.9,6.9,20.8,24.8,2,11,11.0,0,iteration-00036-subprocess/pytest.log,27
36,subprocess,medium,4.7,8.9,19.1,25.6,11,21,14.5,0,iteration-00036-subprocess/pytest.log,302
36,subprocess,high,6.7,10.6,20.6,26.0,21,34,17.6,0,iteration-00036-subprocess/pytest.log,577
36,subprocess,burst,6.5,7.5,20.4,20.4,34,38,11.2,0,iteration-00036-subprocess/pytest.log,852
36,subprocess,sustained,6.0,18.0,29.5,54.3,38,148,19.6,0,iteration-00036-subprocess/pytest.log,1127
37,docker,low,3.9,6.9,20.8,24.4,1,9,9.6,0,iteration-00037-docker/pytest.log,28
37,docker,medium,6.6,11.7,23.7,27.6,9,17,10.9,0,iteration-00037-docker/pytest.log,303
37,docker,high,5.4,8.3,18.2,24.3,17,28,16.4,0,iteration-00037-docker/pytest.log,578
37,docker,burst,6.6,6.6,19.6,19.6,28,33,14.8,0,iteration-00037-docker/pytest.log,853
37,docker,sustained,4.4,8.9,14.9,24.6,33,172,25.8,0,iteration-00037-docker/pytest.log,1128
38,subprocess,low,4.3,6.9,21.8,24.8,1,10,10.1,0,iteration-00038-subprocess/pytest.log,27
38,subprocess,medium,5.0,8.8,18.0,21.7,10,22,18.8,0,iteration-00038-subprocess/pytest.log,302
38,subprocess,high,6.4,10.7,20.9,25.5,22,33,16.4,0,iteration-00038-subprocess/pytest.log,577
38,subprocess,burst,7.4,8.4,21.3,21.3,33,38,13.4,0,iteration-00038-subprocess/pytest.log,852
38,subprocess,sustained,6.4,16.4,28.6,60.4,38,139,17.6,0,iteration-00038-subprocess/pytest.log,1127
39,docker,low,3.9,6.9,20.8,24.4,1,9,9.6,0,iteration-00039-docker/pytest.log,28
39,docker,medium,6.7,10.5,19.4,24.0,9,18,12.2,0,iteration-00039-docker/pytest.log,303
39,docker,high,6.5,11.6,17.9,24.2,18,31,20.4,0,iteration-00039-docker/pytest.log,578
39,docker,burst,5.7,6.6,19.6,19.6,31,36,14.8,0,iteration-00039-docker/pytest.log,853
39,docker,sustained,4.7,9.2,17.2,33.9,36,167,24.3,0,iteration-00039-docker/pytest.log,1128
40,subprocess,low,3.9,6.9,19.8,23.3,1,9,9.4,0,iteration-00040-subprocess/pytest.log,26
40,subprocess,medium,5.4,9.2,19.1,25.5,9,19,14.2,0,iteration-00040-subprocess/pytest.log,301
40,subprocess,high,6.7,11.1,21.4,25.9,19,30,18.7,0,iteration-00040-subprocess/pytest.log,576
40,subprocess,burst,6.5,7.5,20.4,21.4,30,34,10.7,0,iteration-00040-subprocess/pytest.log,851
40,subprocess,sustained,6.1,14.2,28.3,50.7,34,144,20.0,0,iteration-00040-subprocess/pytest.log,1126
41,docker,low,3.9,6.5,20.9,23.9,1,9,9.6,0,iteration-00041-docker/pytest.log,28
41,docker,medium,6.5,11.0,21.5,27.3,9,18,16.3,0,iteration-00041-docker/pytest.log,303
41,docker,high,5.5,10.0,16.7,22.3,18,31,20.9,0,iteration-00041-docker/pytest.log,578
41,docker,burst,6.8,6.8,19.6,19.7,31,36,14.8,0,iteration-00041-docker/pytest.log,853
41,docker,sustained,4.8,10.2,17.2,32.6,36,166,24.4,0,iteration-00041-docker/pytest.log,1128
42,subprocess,low,4.8,7.8,21.2,24.7,1,9,9.7,0,iteration-00042-subprocess/pytest.log,27
42,subprocess,medium,5.8,9.0,19.3,25.5,9,19,13.9,0,iteration-00042-subprocess/pytest.log,302
42,subprocess,high,6.6,12.3,20.2,24.5,19,29,15.3,0,iteration-00042-subprocess/pytest.log,577
42,subprocess,burst,6.5,7.5,20.4,20.4,29,33,11.3,0,iteration-00042-subprocess/pytest.log,852
42,subprocess,sustained,6.6,25.4,26.7,64.9,33,141,18.8,5,iteration-00042-subprocess/pytest.log,1127
43,docker,low,3.9,6.8,20.8,23.4,1,9,9.6,0,iteration-00043-docker/pytest.log,28
43,docker,medium,6.8,11.7,24.0,27.6,9,17,11.1,0,iteration-00043-docker/pytest.log,303
43,docker,high,5.5,10.4,16.8,23.5,17,29,19.3,0,iteration-00043-docker/pytest.log,578
43,docker,burst,6.6,7.6,19.5,19.5,29,34,14.8,0,iteration-00043-docker/pytest.log,853
43,docker,sustained,4.5,9.2,15.7,39.7,34,170,25.7,0,iteration-00043-docker/pytest.log,1128
44,subprocess,low,3.9,6.9,20.8,23.8,1,9,9.2,0,iteration-00044-subprocess/pytest.log,26
44,subprocess,medium,5.0,8.8,18.3,22.1,9,19,14.2,0,iteration-00044-subprocess/pytest.log,301
44,subprocess,high,5.9,10.6,18.8,24.3,19,31,18.8,0,iteration-00044-subprocess/pytest.log,576
44,subprocess,burst,6.4,7.5,20.3,20.4,31,35,11.2,0,iteration-00044-subprocess/pytest.log,851
44,subprocess,sustained,6.1,23.4,30.0,58.1,35,152,20.3,0,iteration-00044-subprocess/pytest.log,1126
45,docker,low,3.9,6.9,19.9,22.9,1,9,9.4,0,iteration-00045-docker/pytest.log,28
45,docker,medium,6.2,11.0,20.7,23.7,9,19,15.7,0,iteration-00045-docker/pytest.log,303
45,docker,high,5.4,8.3,20.7,25.9,19,28,13.4,0,iteration-00045-docker/pytest.log,578
45,docker,burst,5.7,6.7,19.6,19.7,28,33,14.8,0,iteration-00045-docker/pytest.log,853
45,docker,sustained,4.2,8.1,15.3,24.5,33,170,26.0,0,iteration-00045-docker/pytest.log,1128
46,subprocess,low,4.4,6.9,20.8,24.3,1,9,9.2,0,iteration-00046-subprocess/pytest.log,26
46,subprocess,medium,5.0,8.8,16.3,20.5,9,20,17.7,0,iteration-00046-subprocess/pytest.log,301
46,subprocess,high,6.6,12.0,20.3,25.2,20,31,16.4,0,iteration-00046-subprocess/pytest.log,576
46,subprocess,burst,7.4,8.4,21.3,21.4,31,35,10.7,0,iteration-00046-subprocess/pytest.log,851
46,subprocess,sustained,5.8,12.0,25.5,49.0,35,143,19.6,0,iteration-00046-subprocess/pytest.log,1126
47,docker,low,4.0,6.9,20.9,23.9,1,9,9.4,0,iteration-00047-docker/pytest.log,28
47,docker,medium,6.7,10.5,19.0,23.3,9,17,14.4,0,iteration-00047-docker/pytest.log,303
47,docker,high,5.7,10.1,23.5,28.3,17,28,14.0,0,iteration-00047-docker/pytest.log,578
47,docker,burst,5.7,6.7,18.6,18.6,28,32,12.5,0,iteration-00047-docker/pytest.log,853
47,docker,sustained,4.5,9.3,15.2,32.7,32,163,24.8,0,iteration-00047-docker/pytest.log,1128
48,subprocess,low,4.8,6.8,21.7,25.3,1,9,9.2,0,iteration-00048-subprocess/pytest.log,26
48,subprocess,medium,5.0,8.6,16.7,21.7,9,19,15.7,0,iteration-00048-subprocess/pytest.log,301
48,subprocess,high,6.1,11.5,16.7,20.8,19,34,26.2,0,iteration-00048-subprocess/pytest.log,576
48,subprocess,burst,6.5,7.5,20.4,26.4,34,38,8.8,0,iteration-00048-subprocess/pytest.log,851
48,subprocess,sustained,5.8,14.2,25.4,56.3,38,151,20.3,0,iteration-00048-subprocess/pytest.log,1126
49,docker,low,3.9,6.9,20.9,23.9,1,9,9.6,0,iteration-00049-docker/pytest.log,28
49,docker,medium,6.9,11.3,19.4,24.7,9,20,14.6,0,iteration-00049-docker/pytest.log,303
49,docker,high,5.7,12.1,17.2,26.3,20,34,19.0,0,iteration-00049-docker/pytest.log,578
49,docker,burst,5.7,6.7,18.6,18.6,34,39,15.6,0,iteration-00049-docker/pytest.log,853
49,docker,sustained,4.8,10.3,17.2,31.5,39,160,22.5,0,iteration-00049-docker/pytest.log,1128
50,subprocess,low,4.4,6.9,20.8,23.8,1,9,9.2,0,iteration-00050-subprocess/pytest.log,26
50,subprocess,medium,5.1,8.9,18.3,21.7,9,19,14.2,0,iteration-00050-subprocess/pytest.log,301
50,subprocess,high,6.6,10.9,19.6,22.9,19,31,18.3,0,iteration-00050-subprocess/pytest.log,576
50,subprocess,burst,7.5,8.5,21.4,21.5,31,35,10.7,0,iteration-00050-subprocess/pytest.log,851
50,subprocess,sustained,5.8,19.1,25.3,54.2,35,149,20.3,0,iteration-00050-subprocess/pytest.log,1126
51,docker,low,3.9,6.9,20.3,23.8,2,11,10.8,0,iteration-00051-docker/pytest.log,29
51,docker,medium,6.6,11.3,21.2,24.4,11,21,15.3,0,iteration-00051-docker/pytest.log,304
51,docker,high,5.6,8.7,16.7,20.2,21,33,23.0,0,iteration-00051-docker/pytest.log,579
51,docker,burst,6.5,6.6,14.5,19.5,33,37,11.9,0,iteration-00051-docker/pytest.log,854
51,docker,sustained,4.4,8.6,16.3,25.6,37,165,24.1,0,iteration-00051-docker/pytest.log,1129
