evidence/independent-green.txt	24dde2b4b705e04a7925679c47ffbd880502c64cda620c4f651a247574407098	6bcf091c6df8df00c24264c95f9464248c064cf1823b166e0f3143d7ee03039c
evidence/independent-red.txt	696b82fb7b2a69a17d2616bab95121c6011b0f000ab731aad2cc64914bd989f0	8493e9720cee7f41819480c1ff1b407b1744c0b6e0cd6bdedd6ddf0d3b0261fe
evidence/initial-check.txt	71b8c72a33763cd2458a54d7785c5ba37b1314e9abf1a6edd7a2ecf4594ae820	be92bb4d87a156e3cab3a477c9f65c1917af8950b1515d134cb1eb916cdab6f9
evidence/linux-build.jsonl	64282ceb6cb61640ec6f1c3c65d1ff737db1b48f0722f56024546c9419f547ab	5bb9c8ca27f40f8ec262b043de5fbd4b4d328677b81fb1c7c3779ab7191a2d55
evidence/linux-build.txt	e0764351f092d32529c0c9e4be9db6a77f1ebd8255d50e9e92397f2b6c36aba2	2a31c89358bb5cf6ea0993f6d77ba93f747774a1579ff3ad872cfeab1202154b
evidence/linux-final/binaries.sha256	c42da3c273918440a78f9ead62f2437016659934ade57d818473a7f17bd4b1f1	af8a990a33f32ef716a5674dbd0284bf52110dd2f9b4d9b096f2f991cf791f6e
evidence/linux-final/binary-check.txt	2c60558a76616d70b0e91721ff1430bf9a94b8edbf2ca71fb53ea1e58018698e	b3c5e4797a030bfe2fbf3bccdfb3a82e53554f8d7a267942ae456dbea9acbb8c
evidence/models-config-fixed/MC_MergeAccounting.log	4f3060d64489aa449d5c64b0523c21c655b6c94c78442f56ef288cfa11d2acc7	c8cbefd6e50cf88fa1d5191f98c5606844b5683243bfe0f53672f848deb1c94f
evidence/models-config-fixed/MC_MergeAccounting_epoch_unsafe.log	4e6e7b93888ee6326ea7adce5f9e4d1e12009a41e88239b3a51fffc5c2e3de8a	b9a81caf04f2aac1a58294dabec9a88d8d3499fbaa98f3ac351bb7012d9104c5
evidence/models-config-fixed/MC_MergeAccounting_multiplicity_unsafe.log	b0303f69dd98b641db9c82d2391d6bb1923ef140765623b8bc5359db4b77f25c	f551120f05f1c56a4bd60e1630d91f62ae08e949ba232a486a160cf51f6851e4
evidence/models-config-fixed/MC_MergeAccounting_settlement_unsafe.log	e4a5c42db7cde5fa035fff031823cfa2529786a5d0bd27da8de31112dc403084	ced26ee4b49b3e0ab5efda228abc8a4c0312510193fd1a1ff569738beeb51bcc
evidence/native-final/fixtures.txt	4dbeccbd8a5102fb436425042d8d23ca8badcff9ff1fd9cc1e7f79b9fcc10361	ef444a736653aadb208839df5096a73428ac4ecb2e5b1265760ba34be79450df
evidence/native-final/models/MC_MergeAccounting.log	c44cf4c2fc84e68b1cd80b5e035008af79f9337b325fe451704a600874a22c76	6da1492efc0ace0cbdf2b2a553faf0205227d6137c8bd436e87c4d8a4fcbf89b
evidence/native-final/models/MC_MergeAccounting_epoch_unsafe.log	7495b75b3ad3084f5c0ed9294299fb28d8d6c29b894f1dbfe59cca5b831bc7d7	65be2376ed7a7bcd54fc12c2b9a9c70de26fb6979e166a344decd0ba521f6162
evidence/native-final/models/MC_MergeAccounting_multiplicity_unsafe.log	2e79c946d8b93aa259f5dedda6e8be9190e055f3f30353cd93b018a5a8019d23	9f4098231d14d7959da444d1f5302dddd4321dfdb0faf5f0684e965c6a794d83
evidence/native-final/models/MC_MergeAccounting_settlement_unsafe.log	a76e429ead9c0434c5532f40b571f802e588eefe51d09eb977671795d0511d6d	0761280f60148b98e1b8259ead56635fa07c3891aaea4130fba3cddb9c033fa4
evidence/native-recorded/models/MC_MergeAccounting.log	e2739de04260796fd485574bd87b9380c5dbea8a857363b78e722887d809eeb8	0707357e83350ffdebbaf9504efc2352a239f9ee2c16b5fd9e8d1a7c02d88ddf
evidence/native-recorded/models/MC_MergeAccounting_epoch_unsafe.log	bb9315545b99d2b8b8777f02c522ec9489bff8b09785184491805c3c12d4eab4	112c58ac6e17f809083d7c14c5c94eb33b74d708eea15a071aa37049664dde80
evidence/native-recorded/models/MC_MergeAccounting_multiplicity_unsafe.log	dc218bf9131fe3f30ae9053314bf644af590abbc01cb749a7445eaddd9eb7dcb	562acd8b86a6e3db353c455c2526fa4a4b51831f1c531f59fc951a08e97910fd
evidence/native-recorded/models/MC_MergeAccounting_settlement_unsafe.log	e3b9998a536e10a0013e00bfe0b348a91e98aea21b362976be05865f7c58a622	883693d54d50727dbdecc8e3de395953af3ff984d6e5a3a8f776db4917efa7b1
