docker-unavailable.txt	94188c2b14c2126b4e2d0d1e03ba0f6eba23cb4fbc2cc28246c826a7d6c91ed2	cbdc7217b7676c61d074884bc4088fd51159ef2e3780c2b9fe67c85d1825244f
final-checks/fixtures.txt	31c2a0f1026e80e901015a76a5db8406e63658c300bf8b2bb4abfa912dadbf77	f69bc09d5d230b553b7341fd830e638eb2ee62d9c3a2dddde699f3b07663a856
final-local/fixtures.txt	853732677f2bdb8f825cf4103f40355894b890483019c00bd658fdff5253d13b	7694cb1cf35724b43fd58db47197fc323ca15cf8ff69e57b9643c22581f327c6
final-source/fixtures.txt	6218f0def4909bfb4d275d274983700058a13656d01f4a3a5525520bd2ca5f2f	41be105bee193a31a2d096db26b9eba03aacc55177bb6dab70a0356e686a9603
host-extended.txt	47a98e650b67b4bfc08653ac140941d7b54cf2885973b35a303d7125eefb6e7c	c188dc4eb7960b963fb91b918ea0786f68cc681423de3e76c80a4d2e3b0b615a
linux-build.jsonl	bfe6adcccd7591c5cc80d13f46e8334679ce575f919769b9efdc4a23db1d7c28	025ed592477bc8ef8177985c3212758aa99e1ea64ca933899b1782abcc72ba06
linux-build.txt	9a3dd8742c01de6eec71f56594298a0a045880f179e7cf63d41587960f733230	5f4b707fdc06d337db8e58bbb55c82d90a84ba270cf818f8c1036b7d6f66e1ff
linux-final-build.jsonl	0e63139fe69de001e6b40a9a8044827b01808a6600204b04383815288fba3d0f	87dafa251dc615c26f578f33b40195c5f9be24c2290f2f20da1f399712e9d03c
linux-final-build.txt	44a522e129851564dbe60f1b70bff7634234b6c079d16f9116c01be6656f5c91	fb32668d0892bb87f428dae2913b2581be1f28fa8982733efd90353fe34a2054
linux-source-build.jsonl	bb8deb7de9a3f506d74ea50a8f75d4c038fbd98bf1581dc3a76196218b98e6e1	1a520af076c774891c93da033dcebb623b9ddedd95fd84448cf7a4b82e32320b
linux-source-build.txt	666ee0768c6f9850998533e3f7c75fc40d6db6face5cc715e69c4739759793c4	9aff9b22a65ed5deadd01412934737442091e8d615f5d258dc12dad99481919c
model-rebuild-03.txt	550d31371679780a9d7f91347a5a3657c48661fe7d8381690571cda7b72e8eef	119fecb0b36d5c9a01a45155eae5906349f6ac5e52c028e88b6ba92097ad8d25
model-rebuild-04.txt	bb4005ee747b5fde9ef639fc8deb8c2ccd5315150ab37fa55121f0376ca762b4	8c5e1bca347108b79796dfa43fbaf358f7792a35a99f61f2e0004d16718903a8
model-rebuild.txt	5b5e38dc6b3824aa050e4e501e093aabe803fe039c1d85fe041ef08d62cfff5b	fcf26705dc6945ae06435bc3a17b94bee401334c39ca2b7dfdbac5cb4e928f7a
receipt-identity-red.txt	0c4ce798727f2e57a847f319573f0f9a6f142ee9f683cbae3b625f6838a3603c	1b67d9c3dfe73ebb83a22327319b27f60f5e1beba1ea50b5081fbc9ebc20aa6b
replay-receipt-red.txt	8e2887d31864f6ba577937263298ab54a362022e9cde25dfd684259335ec0036	daad2c90174e5aafcc0059925d3463067631d379359406fe8d2ad54683f1abb2
tlc-absolute.txt	b9bd93c69481f61332569db777025aff41132b9c0d0242bf0d0df506eaf7f8ea	60d00f998f2a8c7a5ebc3ea2791b489b1131fdfa9f91f5d926d36768e986336b
tlc-direct.txt	8e4b7d6b571d6869fff75e166f0cb194a59ab98faad0081c12c1b072d36a30c1	77d8ccd50d15c4aa46bc51b83787dec91c094a38097c48727f8ba7d2cd204cb8
